filename,custom404,login,webapp,oldlooking,parked
../results/images/https-accounts.shopify.com-store-login.png,0.00053640903,0.99896747,0.047232736,0.0026744273,0.00048984826
../results/images/https-www.linkedin.com-login.png,9.7060234e-05,0.9997633,0.060754158,0.0009812186,0.00013224335
../results/images/https-gasmed.gov.ye.png,0.79016215,0.013773416,0.9965882,0.0013912885,0.0018606386
../results/images/https-login.salesforce.com-3c.png,0.4656616,0.015492668,0.25797412,0.032734986,0.098407425
../results/images/https-particuliers.engie.fr-login-page-authentification.html.png,0.22374025,0.0025105462,0.01478092,0.009330204,0.029333161
../results/images/https-partner.hp.com-login.png,0.8558774,0.0029970903,0.15514296,0.012934339,0.05670228
../results/images/https-www.linternaute.fr-dictionnaire-fr-definition-login-.png,0.05738091,0.068098366,0.99864376,0.00204791,0.0005429827
../results/images/https-www.clientam.com-sso-loginpartnerid-lynxbroker-mig.png,0.96889085,0.0003434411,0.07903032,0.0021512378,0.027395707
../results/images/https-www.isnetworld.com-en-login.png,0.09451137,0.0037886202,0.002662115,0.00386316,0.004742158
../results/images/https-hasti.gov.ye.png,0.933772,0.005134771,0.99383897,0.001246334,0.0028491358
../results/images/https-login.ionos.fr-.png,0.6367038,0.028648078,0.9790676,0.0046105264,0.01579925
../results/images/https-lms.sun.ac.ug-login-forgot-password.php.png,0.5925144,0.07749629,0.13351278,0.04401604,0.13757633
